wreck_id,obstruction_type,lat,lon,water_depth,original_date
85167,foul area,33.51225,35.32833,18,2016
85171,foul area,33.51207,35.33447,15,2016
85173,foul area,33.51243,35.33843,15,2016
85179,foul area,33.50848,35.33827,9,2016
85181,foul area,33.50708,35.33867,6,2016
85177,foul area,33.50965,35.33688,13,2016
85169,foul area,33.51393,35.33155,18,2016
85183,foul area,33.50995,35.34293,7,2016
85184,foul area,33.5102,35.34982,2,2016
83207,foul area,50.33465,-4.14907,9,20150501
83299,foul area,41.1428,16.86425,10,"2015
"
30597,foul ground,54.685,10.615,20,1990
81874,,13.00373,42.74425,2,2014
79117,,50.61532,-2.34448,19,2012
82561,foul area,-0.66368,8.76877,27,2015
82713,,-0.59247,8.80253,55,2015
82699,,-0.66625,8.81792,27,2015
82655,,-0.6625,8.76582,27,2015
82717,,-0.65633,8.80695,27,2015
60095,,49.35182,-0.60423,1,1944
35278,foul ground,36.14933,-5.41992,42,1993
72642,foul ground,48.62443,-2.47772,0,2008
35283,foul ground,36.13678,-5.36853,40,1992
60109,foul ground,49.35218,-0.63275,4,1997
35277,foul ground,36.14112,-5.40938,70,1994
26240,,47.71293,-3.36323,12,1947
60094,foul ground,49.35517,-0.62957,8,1997
26987,,45.06505,-0.62693,1,1952
27087,foul ground,44.66857,-1.16018,15,1991
34949,foul ground,36.12577,-5.43022,2,1986
59264,foul ground,36.13095,-5.37565,62,1989
57222,foul ground,13.00547,42.74688,1,1998
65048,foul ground,52.15717,4.23567,14,2004
55528,,69.04728,33.03978,4,1996
81450,,69.03345,33.02602,0,2014
57524,foul ground,53.99505,7.17205,27,1999
66384,foul ground,55.04687,9.46698,2,2004
65782,,68.06353,39.51065,10,2005
55157,foul ground,67.31193,14.4,60,1975
55194,,68.23267,14.54352,20,1957
30596,foul ground,54.7625,10.5125,20,1992
23746,,49.65267,-1.58475,0,1987
23722,,49.65287,-1.5849,0,1987
92009,,10.71103,122.59427,1,2019
92008,,10.71082,122.59418,1,2019
56826,foul ground,-51.69107,-57.85938,2,1853
56953,foul ground,-51.69107,-57.85938,2,1856
56684,foul ground,-54.15042,-36.67128,85,1997
56679,foul ground,-54.14407,-36.67703,53,1995
51595,,-38.93135,-62.07362,8,1978
30898,foul ground,54.59583,13.85,22,1977
89797,,17.97395,-76.82108,1,2018
25741,,48.28533,-4.41552,5,1995
81790,foul ground,37.12143,26.8419,32,2014
81812,foul ground,37.11368,26.83588,40,2014
81806,foul ground,37.11367,26.8298,57,2014
81792,foul ground,37.11895,26.83748,39,2014
25740,,48.28665,-4.41567,3,1995
81791,foul ground,37.11878,26.8357,41,2014
25739,,48.28812,-4.41653,4,1995
81808,,37.1126,26.83428,42,2014
65375,,37.12507,26.84983,32,2009
73759,,37.12423,26.84965,29,2009
89602,,6.8255,-58.19478,-1,20180716
52783,,12.90115,-61.1791,1,1971
35900,,43.08338,5.92708,15,1969
36516,,43.2699,5.30517,30,1994
59068,,43.07283,5.95447,35,2000
90309,,43.07543,5.99398,57,2018
77801,,43.08527,5.91308,12,2010
36353,,43.10088,5.91543,22,1988
86777,,43.0821,5.92785,4,2016
59066,,43.08358,5.92852,5,1969
68354,,43.11358,5.90087,10,2006
36304,,43.10808,5.89725,10,1988
71528,foul area,43.11387,5.91148,11,2008
67223,,43.11533,5.91282,8,2005
35933,,43.11528,5.92607,10,1975
80329,,43.11748,5.91272,7,2013
36362,,43.09437,5.92425,9,1988
36355,,43.10053,5.92117,12,1988
36650,,43.10425,5.90532,11,1998
67692,,37.59655,-0.97773,12,2006
86800,,37.58547,-0.98447,13,2017
88597,,35.49037,24.06997,2,2017
88598,,35.49,24.06938,2,2017
86344,,34.46993,35.83867,9,2016
38954,foul ground,35.45457,24.20328,7,1949
38969,,35.48968,24.11028,105,1963
38953,foul ground,35.45722,24.20473,16,1953
38949,,35.47303,24.13495,80,1963
89542,,69.0256,33.06133,16,2018
82478,,69.05102,33.07835,12,2015
82477,,69.05048,33.07745,15,2015
89541,,69.02517,33.05867,14,2018
20560,,50.78985,0.33637,0,1940
38941,foul ground,35.49747,24.07495,8,1948
38940,,35.50173,24.10463,50,1959
86476,,37.70852,24.06853,26,2016
84495,foul ground,53.56195,7.0103,0,2016
84494,foul ground,53.54432,7.02135,0,2016
88885,,17.90087,-62.86222,13,2017
88059,,-15.72762,46.30563,-1,2017
88139,,3.20833,106.19167,30,2017
86943,,26.52437,-78.76273,2,2016
86621,,50.19412,1.41038,6,2016
63245,,45.1978,-0.70003,0,2003
65380,,6.42032,3.39807,7,1999
19233,foul ground,50.8156,-1.1182,1,1926
62471,,9.52457,-13.70708,1,1986
84141,snag/stump,49.4737,0.12723,5,2015
86343,,34.4661,35.83177,7,2016
87467,,34.46662,35.82825,7,2017
81873,,54.00457,-2.96487,8,2014
82394,foul ground,20.15407,92.91973,1,2009
85434,,54.63408,19.96015,5,2011
85441,,54.68505,20.22132,0,2015
85451,foul ground,51.49225,0.00235,0,2016
58356,,48.08677,-4.3337,1,1999
85634,foul area,4.99313,115.12673,2,2016
10843,foul ground,52.9472,1.27612,5,1993
58191,foul ground,50.81105,-1.11538,1,1994
65487,,42.62778,3.07338,23,2004
86359,,42.6112,3.06502,22,2016
40828,,34.2772,-6.58877,2,1945
86347,,34.49607,35.79155,23,2016
85164,foul area,33.57017,35.37657,3,2016
79154,foul ground,43.62778,13.5016,6,2012
92292,,69.07998,33.20047,10,2019
92291,,69.08037,33.19905,0,2019
79077,,69.0809,33.20272,10,2012
60643,,69.05785,33.20517,10,2002
70493,,69.05662,33.20552,0,2007
70492,,69.05555,33.2049,-2,2007
70494,,69.05677,33.20628,-1,2007
70491,,69.05555,33.2043,-1,2007
60645,,69.05555,33.2026,15,2002
46050,,1.44727,103.69203,0,1990
92734,,48.36422,-4.50923,5,2019
85723,,48.37785,-4.48422,7,2016
85720,,48.37913,-4.48332,7,2016
92749,,48.37822,-4.48058,6,2019
85561,,48.36962,-4.48777,15,2016
85732,,48.37925,-4.47548,7,2016
85730,,48.37877,-4.47545,7,2016
89421,,48.37873,-4.47495,7,2018
85726,,48.37847,-4.47862,7,2016
39152,,36.71683,24.44318,43,1946
34003,,59.43967,10.65645,37,1971
88047,foul area,59.45568,24.73227,4,2017
38471,foul ground,39.63307,19.92677,26,1974
61747,foul ground,39.63763,19.91635,25,1997
85883,,51.05123,2.17635,15,2016
75149,,6.4275,3.38138,1,2009
55112,foul ground,64.79112,11.02473,30,1973
57840,,37.2482,9.83345,3,1999
57838,,37.24903,9.83388,2,1999
36667,,37.25505,9.86832,1,1983
57898,,37.25352,9.94703,0,1999
57839,,37.24847,9.83365,3,1999
19358,foul ground,50.68075,-1.98823,-2,1980
17653,,50.32223,-4.65173,1,1937
23261,foul ground,49.45755,-2.52573,4,1930
77984,foul ground,50.49467,-5.29033,49,2011
17682,,50.35377,-4.15612,1,1965
19438,foul ground,50.7105,-1.79672,7,1962
19077,foul ground,50.6982,-1.88957,7,1962
58275,foul ground,50.74552,-0.72747,5,1947
19480,foul ground,50.79763,-1.11978,-3,1982
73081,,50.15448,-5.05817,7,2009
19382,,50.80305,-1.13302,-3,1981
17658,foul ground,50.32863,-4.17073,13,1940
18197,foul ground,50.39227,-3.57523,-2,1943
19373,foul ground,50.7656,-1.29857,0,1980
17870,,50.36517,-4.10903,-1,1978
58650,,50.36412,-4.10972,-1,1978
73080,,50.15558,-5.05798,6,2009
19129,foul ground,50.7376,-1.09897,3,1978
10727,foul ground,52.31347,1.6737,-1,1984
8579,foul ground,53.86883,-0.06613,10,1998
5763,,54.99082,-1.46987,-2,1981
12692,foul ground,51.39002,0.71688,-5,1979
5761,,54.99055,-1.47105,-2,1981
13392,foul ground,51.48143,0.20803,-3,1998
67023,foul ground,51.38993,0.71568,-5,2003
12689,foul ground,51.38865,0.69935,-4,1968
5614,foul ground,54.67115,-1.13193,13,1974
12788,foul ground,51.46052,0.4549,-3,1970
13391,foul ground,51.48073,0.20315,-3,1998
13083,foul ground,51.47208,0.32185,-2,1991
90220,foul ground,52.99558,0.37917,20,2018
71045,,54.5818,5.4377,42,2007
71046,,54.61425,6.16335,40,2007
62720,,51.32367,0.90562,-3,1998
10138,,52.9415,0.0919,-4,1967
13377,,51.3565,0.98793,-1,1997
43379,foul ground,27.07783,49.88525,38,1982
36669,,37.25383,9.94505,0,1983
36670,,37.252,9.94868,0,1984
87665,,59.12425,22.99547,13,2017
34077,,59.15053,22.97233,11,1988
84810,foul area,54.4689,13.64155,15,2016
84816,foul area,54.59123,13.58472,15,2016
85068,,60.62945,28.55228,2,2016
80262,,12.79465,44.99933,0,2011
44520,foul ground,8.77792,78.22577,10,1977
45060,foul ground,16.74308,96.1964,5,1986
45041,foul ground,16.75543,96.17742,2,1947
42815,foul ground,13.00575,42.74693,2,1998
44523,foul ground,8.77083,78.22568,10,1961
80261,,12.80063,45.01738,2,2011
69441,,29.66725,48.78753,14,2006
44614,foul ground,8.5627,81.19465,8,1950
43871,,26.63513,50.16702,4,1996
43872,,26.62857,50.16763,6,1996
79957,,14.83143,42.93295,3,2013
44629,,8.54855,81.21525,36,1946
67830,,12.80425,45.00408,3,2006
76082,,24.53075,54.40212,6,2005
50490,,34.48403,127.0914,28,1983
50826,,39.8984,119.59083,5,1981
52609,,10.63493,-61.50612,1,1985
61522,,28.85588,-13.76233,23,2002
39591,foul ground,37.11235,26.82932,55,1956
58668,foul ground,35.49642,24.0955,25,1983
39248,foul ground,35.47905,24.15918,31,1997
80217,,36.5835,35.21292,12,2013
39592,foul ground,37.11193,26.83233,30,1956
38844,foul ground,36.9148,21.68422,53,1968
79202,,39.56067,26.72983,35,2012
39217,foul ground,37.51932,23.41278,25,1995
39586,foul ground,37.12715,26.85512,11,1956
79203,,39.56183,26.75408,32,2012
39249,foul ground,35.47433,24.1686,30,1997
70642,,32.11097,20.03712,2,2006
79204,,39.56267,26.77208,23,2012
70644,,32.11017,20.03732,2,2006
59292,foul ground,49.93868,0.94402,12,1992
80441,,39.57308,26.9025,21,2013
70643,,32.11067,20.03718,2,2006
44899,,20.15408,92.91857,2,1949
64692,foul ground,28.14883,48.74458,8,1996
64508,foul ground,28.40933,48.93317,21,2003
41510,,8.54333,-13.29892,23,1940
41306,foul ground,14.71625,-17.33083,8,1969
41686,foul ground,6.42742,3.33673,9,1984
62224,foul ground,6.42795,3.36147,3,1984
61926,,-0.65817,8.83433,25,2003
41685,foul ground,6.42967,3.33092,5,1984
58086,foul ground,4.438,7.15667,12,1996
62215,,6.43438,3.36362,3,1966
74518,,4.97903,8.32402,3,2009
53970,,25.08717,-77.36058,2,1988
67123,foul area,9.52625,-13.7177,2,2004
57940,foul ground,5.21333,-4.125,30,1999
53020,foul ground,16.70792,-62.2243,4,1990
54015,,32.3062,-64.81667,1,1959
54019,,32.28198,-64.80077,1,1926
67955,,16.80063,-62.20697,3,2006
53971,foul ground,25.08692,-77.36167,2,1986
54029,foul ground,32.37497,-64.62743,14,1955
52637,,13.9846,-61.0136,7,1982
70635,,32.10645,20.04043,4,2006
25756,,48.88727,-3.3117,46,1978
50034,,11.64747,165.38027,15,1987
36101,foul ground,43.40898,6.74497,20,1972
37368,,40.82822,14.10747,5,1994
35577,,43.04608,3.11073,20,1987
36703,,37.16188,9.81545,6,1979
35576,,43.09583,3.13667,16,1987
68942,foul ground,43.89443,13.00248,12,2006
35555,,43.38102,4.9179,1,1986
36118,,43.70367,7.34617,35,1987
35623,,42.62272,3.0708,24,1988
35609,,42.72353,3.07083,28,1988
36702,,37.15567,9.82228,5,1958
69451,,40.54875,14.85787,30,2007
78050,,43.0084,3.07797,9,2011
60855,,43.41715,4.5187,12,2002
78095,,43.28117,3.26925,1,2011
68781,foul ground,43.401,13.75325,12,2006
58360,foul ground,43.53858,4.06967,10,2000
58355,foul ground,43.51108,3.98758,15,2000
68602,,40.83698,14.28098,4,2005
35556,,43.37803,4.9175,1,1985
58354,foul ground,43.48775,3.90175,20,2000
58806,foul ground,41.08917,1.26525,36,2000
79097,foul ground,40.47455,17.20422,5,2012
73082,,42.67083,3.12083,38,2009
76437,,40.32262,8.41548,13,2010
73841,,38.98133,17.20433,50,2009
58359,foul ground,43.52525,4.04508,10,2000
35844,foul ground,43.41277,6.7439,5,1984
60688,,36.61725,-6.31372,2,2001
40960,foul ground,28.15542,-15.40237,20,1983
75429,,44.57442,-1.22983,10,2010
75428,,44.568,-1.23642,8,2010
84079,,13.8519,120.34283,27,2015
84084,,13.87707,120.3441,27,2015
84091,,13.8442,120.35442,31,2015
84449,foul area,35.51097,12.6318,25,2015
17874,foul ground,50.36337,-4.14513,2,1981
84868,foul area,56.1813,-4.7842,36,2015
87719,,53.9039,10.76323,3,2017
87718,,53.90163,10.76467,2,2017
87723,,59.58242,25.70478,1,2017
1996,,57.26333,-5.69032,-1,1974
83952,foul area,54.0907,8.93967,1,2015
87951,,-34.70413,-54.17168,21,2017
87835,,16.34867,-61.68682,1,2017
88468,,41.92303,8.76775,10,2017
88458,,41.93295,8.7463,7,2017
88246,,41.9304,8.7525,17,2017
25738,,48.28858,-4.41693,6,1995
36093,,41.69562,8.87777,2,1987
26860,,45.60965,-1.02893,12,1944
24762,,49.48838,0.08995,0,1953
89079,,49.4343,0.22423,2,2018
63216,foul ground,69.01247,33.0563,6,2003
89548,,69.02377,33.0619,10,2018
89569,,69.02007,33.06223,5,2018
89530,,69.04757,33.03932,0,2018
64313,,69.01622,33.06082,2,2004
89540,,69.03525,33.06685,5,2018
55367,,69.0567,33.05283,27,1980
55330,,69.05442,33.03595,5,1985
87824,,-17.68542,178.839,14,2017
85701,,53.32473,-2.9487,0,20160805
51632,,-38.57493,-58.68657,1,1924
51625,,-38.58203,-58.6958,5,1935
89598,,-38.57767,-58.69705,1,2018
51629,,-38.581,-58.69488,3,1948
51628,,-38.5772,-58.70265,1,1978
76103,foul area,-38.57178,-58.71552,2,2010
51630,,-38.58168,-58.69608,3,1959
89599,,-38.57372,-58.68077,0,2018
89597,,-38.57725,-58.69798,2,2018
26831,,45.71738,-1.2686,7,1912
68881,,22.55677,88.26465,5,2006
68887,,22.48247,88.15135,5,2006
44745,,22.45752,88.12033,-1,1964
44741,,22.48037,88.14747,7,1959
55422,,69.00293,33.05693,3,1994
61444,,69.00602,33.0167,1,2002
55437,,68.9961,33.0513,10,1994
35578,,42.98915,3.07557,12,1987
89723,,43.12388,3.1648,20,2018
90007,,6.09162,125.156,23,2018
90008,,6.0927,125.15807,31,2018
90006,,6.0895,125.15447,17,2018
89851,foul ground,46.44405,30.8388,19,2018
86475,foul ground,37.71012,24.06473,12,2016
86474,foul ground,37.71173,24.05737,6,2016
12490,,51.45988,-3.65202,2,1929
12486,,51.45358,-3.66367,-4,1968
36123,,43.10392,6.0056,2,1987
90911,,3.83167,103.3806,5,2018
46250,foul ground,5.35683,100.353,7,1986
46247,foul ground,5.36103,100.32248,8,1986
46290,,5.3047,100.30027,4,1988
91061,,40.82277,14.31145,7,2019
91062,,40.8219,14.30902,8,2019
26283,,47.72548,-3.369,1,1987
78446,,68.93628,33.02835,6,2011
55453,,68.93425,33.03133,2,1993
26279,,47.72607,-3.36995,2,1987
26249,,47.74003,-3.34548,0,1980
55450,,68.93475,33.03042,1,1993
55448,,68.92562,33.01557,0,1993
55451,,68.93458,33.03068,5,1993
91159,,47.74015,-3.34298,0,2019
86944,,39.87028,25.05888,7,2016
88273,foul ground,51.29458,2.96333,6,2017
87820,,40.8437,14.27417,5,2017
87931,foul ground,53.53505,9.80565,0,2017
26188,,47.7059,-3.37882,0,1922
46269,,5.35198,100.33455,5,1986
26280,,47.72443,-3.35297,8,1947
26247,,47.7402,-3.3439,0,1967
30173,foul area,54.55203,7.45025,28,1991
29132,foul ground,53.80403,6.83612,20,1989
3454,foul ground,55.08562,-7.53338,16,1961
57964,foul ground,57.26992,-5.80592,35,1999
87264,,49.33195,-0.27015,9,2017
30095,foul area,54.17495,7.94013,19,2016
67056,,51.41263,0.57085,0,2003
39151,,36.73933,24.38725,60,1946
39153,,36.7106,24.4578,44,1946
23569,,49.67572,-1.64822,14,1982
35152,foul ground,36.18692,-6.18567,25,1988
35113,foul ground,36.23317,-6.16892,25,1988
64287,,44.12733,9.62867,50,2004
92952,foul ground,51.48758,0.17583,1,2019
84496,foul ground,53.7034,6.86237,0,1979
92599,foul ground,51.47637,0.46253,-3,2019
4168,foul ground,55.96042,-4.81307,11,1987
26976,,45.23518,-0.7463,0,1982
57955,,50.84957,-1.17427,-3,1982
61521,,28.91488,-13.62833,18,2002
12741,,51.42338,0.73523,-3,1973
12712,foul ground,51.40208,0.94562,-2,1973
64330,foul ground,55.87308,-5.04317,45,2003
1110,foul ground,58.92267,-3.08382,20,1980
37363,foul ground,40.78433,14.36095,7,1994
36951,,40.81397,14.08032,10,1976
36990,foul ground,40.78612,14.35775,10,1985
68850,,40.7898,14.09402,13,2006
38943,,35.49392,24.08922,26,1945
38817,foul ground,35.47935,24.1546,28,1983
35641,foul area,41.45392,2.29392,30,1992
2008,foul ground,57.30553,-5.81443,150,1988
35632,foul ground,41.58033,2.616,28,1982
57963,foul ground,57.278,-5.81758,40,1999
58519,foul ground,57.87808,10.19942,70,1999
86249,,56.55398,20.97158,7,2016
90458,foul ground,53.6712,8.39883,0,2018
82505,,37.06562,14.2277,2,2015
78325,,37.04138,14.24178,10,2011
23907,,49.3764,-0.87372,5,1955
78329,,37.03017,14.23143,13,2011
90456,,40.04137,17.95618,25,2018
82350,,40.7716,14.37147,13,2015
87819,,40.73232,14.46435,5,2017
36955,foul area,40.8269,14.24863,10,1984
71345,,40.74772,14.44165,10,2008
68780,foul ground,40.83113,14.25263,12,2005
83413,foul area,55.28452,10.79172,1,2015
88766,,55.67645,11.08597,2,2018
86245,,56.5424,21.04617,9,2016
86238,,56.54787,21.03532,8,2016
86248,,56.54082,21.02845,4,2016
86241,,56.5446,21.03423,8,2016
86240,,56.54647,21.03508,8,2016
94344,,43.972,8.17125,40,2020
83955,foul area,54.05388,8.6598,0,2015
83953,foul area,54.05655,8.6572,0,2015
85707,,53.88945,8.70673,27,2016
87802,,35.84275,-5.56925,5,2017
94639,,35.84448,-5.57038,10,2020
94643,,35.841,-5.57503,6,2020
94644,,35.84143,-5.57408,6,2020
18302,,50.54915,-3.4873,1,1976
82170,foul ground,44.2724,8.50032,61,2015
35876,foul ground,44.34027,8.56162,37,1971
74359,,42.0916,14.96602,27,2009
72978,,42.29502,14.50713,12,2008
70502,,65.68378,-18.07948,21,2007
52663,,10.66852,-61.72363,100,1979
96642,,38.70143,20.71398,1,2021
96669,,45.75812,13.6399,8,2020
82044,,45.63075,13.19433,15,2014
96675,,59.90992,30.22015,5,2020
96679,foul ground,54.32035,13.56538,10,2016
29301,foul ground,53.6499,7.14737,1,1985
29069,foul ground,53.6653,6.97492,0,1985
10567,foul ground,52.77802,1.87628,20,1969
98734,,32.07758,23.97123,3,2014
98733,,32.07577,23.97065,3,2014
98793,foul area,32.0725,23.99952,7,2014
98794,foul area,32.07217,24.00022,7,2014
98205,,45.44968,12.58342,13,2021
39001,foul ground,37.95332,21.14498,20,1990
75252,,59.46382,24.72053,2,1977
88146,,59.48702,24.6984,2,2017
95845,,59.48453,24.69845,2,2019
88143,,59.48847,24.7136,7,2017
88144,,59.48527,24.71573,5,2017
88145,,59.4863,24.7203,15,2017
88142,,59.48143,24.7259,17,2017
95333,,59.48447,24.70112,1,2019
95572,diffuser,50.80073,-0.2283,7,2017
97972,,37.2311,15.19135,2,2021
97973,,37.23052,15.19193,5,2021
78125,foul ground,37.2129,15.18753,6,2011
97965,,37.2432,15.21468,2,2021
97964,,37.24343,15.21127,3,2021
97967,,37.24527,15.20893,1,2021
97966,,37.2447,15.20912,1,2021
78124,foul ground,37.21133,15.18632,5,2011
97961,foul area,37.16338,15.22618,18,2021
34889,foul ground,36.14058,-5.3669,20,1980
99193,foul area,53.34548,-2.71778,0,2018
35685,,41.08888,1.22887,21,1997
71989,,56.4609,-2.95608,5,2008
96466,foul area,36.13402,-5.35767,7,2019
96483,foul area,36.1396,-5.36017,7,2019
83561,foul area,36.1444,-5.36435,11,2015
34888,,36.13873,-5.36643,27,20190625
95497,foul area,36.12905,-5.35713,12,2015
83566,foul area,36.13252,-5.35982,12,2015
95494,foul area,36.13715,-5.36382,12,2015
83568,foul area,36.13238,-5.35727,12,2015
83567,foul area,36.13282,-5.35877,11,2015
83564,foul area,36.13668,-5.36435,11,2015
95493,foul area,36.13827,-5.36268,12,2015
83565,foul area,36.1309,-5.36087,12,2015
96488,foul area,36.13887,-5.3591,7,2019
83560,foul area,36.14158,-5.36333,10,2015
83562,foul area,36.14597,-5.36345,11,2015
95515,foul area,36.13063,-5.35813,12,2015
95511,foul area,36.12872,-5.35762,12,2015
99239,,35.88195,23.31833,50,2022
35284,foul ground,36.12592,-5.36738,50,1990
83563,foul ground,36.13915,-5.36498,13,2015
95512,foul area,36.12848,-5.35678,12,2015
93819,,36.13098,-5.3623,20,20190626
34895,,36.1299,-5.3613,22,20190626
99357,,41.9345,15.7731,13,2021
53957,,25.41385,-79.2215,9,2019
74644,,7.08953,125.64082,0,2009
88318,foul area,53.00453,4.79475,5,2017
88319,foul area,52.99498,4.77598,5,2017
28920,foul ground,53.28763,5.16537,15,1994
97260,foul ground,53.23012,5.05222,0,2021
95766,,51.88842,4.02587,0,2019
100047,foul area,-20.43695,57.7469,10,2022
99902,,5.2973,-4.03457,12,2022
95302,,43.72572,15.78678,15,2018
90496,,57.50763,22.82165,4,2018
84454,foul area,40.15952,18.49952,20,2015
100289,,40.15505,18.48907,2,2022
100286,,40.14847,18.49712,1,
84456,foul area,40.157,18.50192,20,2015
100282,,40.15602,18.4901,4,2022
73612,,44.83447,12.50113,18,2009
95835,,51.88455,4.02805,0,2019
100335,foul area,-2.7073,133.68302,10,2022
65049,foul ground,52.50108,4.47075,12,2004
59009,foul ground,52.245,3.8412,19,2000
80141,foul ground,44.34383,12.64717,28,2013
100383,foul area,44.21042,12.39978,2,2022
57282,,52.27583,3.24117,21,1999
95143,,20.8992,-17.05203,5,2020
95594,,45.60233,13.71663,10,2016
100410,,45.6178,13.73673,8,2022
83301,,45.60875,13.72693,10,2015
74829,,44.15338,12.54468,9,2010
68911,,44.32718,12.40297,7,2006
75039,foul ground,14.84898,120.25625,2,2006
75041,foul ground,14.85013,120.25933,3,2006
101330,,14.85963,120.21165,23,2022
79419,,14.71213,120.16468,66,2012
69110,,14.80953,120.28205,25,1950
69109,,14.80823,120.28018,28,1945
101310,,14.81318,120.28253,22,2022
90276,,14.81768,120.2594,32,2018
88223,,-5.88763,106.01212,28,2017
101421,,40.76517,14.00783,5,2023
67147,foul ground,24.48865,56.71048,24,2004
67137,foul ground,24.4701,56.68568,13,2004
67254,foul ground,24.51552,56.6341,8,2004
66656,foul ground,24.58417,56.6125,24,2004
67138,foul ground,24.54462,56.64803,29,2004
67151,foul ground,24.58592,56.59553,20,2004
82277,,23.64057,58.50837,4,2015
59610,foul ground,10.2492,123.86102,1,1999
101780,foul ground,59.52067,2.03533,122,2023
94746,,52.57278,1.73977,6,2020
91975,foul ground,38.22032,21.71883,2,2019
91973,foul ground,38.2214,21.71917,2,2019
78405,,38.23142,21.71648,10,2011
91976,foul ground,38.21887,21.71768,2,2019
91977,foul ground,38.21963,21.71698,6,2019
101795,,38.2478,21.72783,9,2023
101817,,33.90042,35.51073,7,2023
83862,,38.25113,21.73477,9,2015
101794,,38.24798,21.72752,10,2023
96923,,38.24943,21.71855,27,2021
39795,,33.9066,35.54387,10,1941
101809,,33.91352,35.53072,16,2022
95265,,33.90355,35.51928,10,2020
101814,,33.90178,35.52093,9,2022
101811,,33.9072,35.52165,15,2022
95264,,33.90387,35.51852,13,2020
95263,,33.90337,35.51745,13,2020
101812,,33.90475,35.52143,15,2022
101810,,33.90817,35.52433,15,2022
95266,,33.90395,35.5235,10,2020
95261,,33.90583,35.51863,10,2020
82824,,33.90525,35.51665,5,2015
101815,,33.9038,35.51228,3,2022
39928,,33.90308,35.50985,11,1992
101816,,33.90268,35.5102,9,2022
62012,foul ground,33.90438,35.51407,16,2002
101818,,33.90155,35.50847,6,2022
101859,foul area,33.99095,35.6237,13,2022
101860,,33.98418,35.6275,1,2022
62265,,64.11625,-21.95375,9,2003
97331,foul area,22.52267,113.83667,5,2021
54849,,64.15795,-21.88975,14,1935
62670,foul area,22.3273,114.11517,14,2003
101987,foul ground,39.86517,8.346,42,2023
101989,foul ground,39.85642,8.28008,46,2023
101988,foul ground,39.86558,8.31008,43,2023
101986,foul ground,39.85767,8.37317,37,2023
37644,,35.89145,14.51985,4,1949
37448,,35.89088,14.52222,18,1941
102181,,1.30708,103.97172,10,2023
37459,,35.89928,14.52543,12,1946
37382,,35.89782,14.5276,4,1946
37443,,35.90265,14.51567,10,1942
37672,,35.90048,14.50192,20,1957
102017,,35.90148,14.49892,5,2023
37379,,35.90105,14.50395,10,1975
59083,foul ground,35.90672,14.5041,15,2000
102010,foul area,35.975,14.422,49,2021
80374,,35.83352,14.54858,9,2013
79317,,35.82328,14.53203,9,2012
93950,foul ground,35.81833,14.59333,92,2020
102048,foul ground,64.92217,6.73567,305,2023
98234,foul ground,35.8121,14.59988,98,2021
81718,,59.33608,24.03988,22,2014
102126,,65.61025,-23.5576,20,2023
101498,,59.38763,24.09112,10,2023
95747,,59.33958,24.06653,1,2018
94257,,3.0934,101.31085,10,2020
79423,,1.29737,103.64558,4,2012
73328,,60.03333,19.18333,119,2009
46110,,1.24773,103.9224,33,1994
85202,,1.39693,103.95418,6,2016
85198,,1.38955,103.9491,7,2016
85206,,1.40182,103.94652,7,2016
46197,foul area,1.35217,103.629,7,1998
70505,foul ground,22.34425,114.03875,23,2007
45505,,1.24472,103.87723,18,1939
85193,,1.44025,103.86728,5,2016
85188,,1.47175,103.81653,5,2016
45768,,1.42572,103.9231,4,1987
73810,,1.44625,103.86555,8,2009
46156,,1.42902,103.8627,0,1995
73811,,1.44222,103.86972,7,2009
85201,,1.39608,103.95353,7,2016
85194,,1.42663,103.92872,5,2016
85209,,1.40457,103.934,8,2016
73808,,1.452,103.86063,6,2009
73812,,1.41972,103.91793,7,2009
45736,foul ground,1.45507,103.85205,3,1987
85189,,1.45513,103.85695,5,2016
85195,,1.42135,103.95482,5,2016
95822,foul area,1.4448,103.76003,11,2019
80599,foul area,1.45423,103.73153,7,2013
95445,foul area,1.44965,103.7381,5,2019
80601,foul area,1.44405,103.74653,9,2013
95818,,1.44507,103.74837,7,2019
95821,foul area,1.4448,103.75017,6,2019
95825,foul area,1.44465,103.76252,7,2019
95362,,1.44272,103.7542,5,2019
95756,foul area,1.17842,103.75497,27,2017
46160,,1.21208,103.71545,1,1993
68404,foul ground,1.1774,103.69898,24,2006
39655,,39.46447,26.25055,6,1962
102140,,2.77325,100.67753,11,2023
81599,,2.17232,102.20257,25,2014
39567,,39.93418,26.04493,15,1946
102271,foul ground,41.23562,13.58535,10,2023
36937,foul ground,41.24198,13.58078,7,1975
39568,,39.9586,26.04723,15,1946
62458,,40.08052,26.02042,71,2003
36938,foul ground,41.2378,13.57292,5,1970
36940,foul ground,41.22518,13.57162,7,1975
62459,,40.03932,26.0315,72,2003
101932,foul ground,6.9236,79.82912,8,2023
36941,foul ground,41.2175,13.57367,6,1975
100571,,1.58517,110.44372,7,2022
36942,foul ground,41.21513,13.5807,13,1975
101044,foul ground,59.49517,2.02517,122,2022
43074,,28.34377,33.12077,10,1942
43068,,28.34357,33.11505,7,1983
40132,,40.91643,29.12312,13,1952
95341,,28.32798,33.11885,6,2019
60969,,30.84,29.03022,4,2001
60961,,30.96792,28.96333,30,2001
60958,,30.99333,28.96542,45,2001
69964,foul ground,41.22273,13.5722,5,2006
80521,foul ground,41.24845,13.6028,2,2013
100083,,44.24795,14.43375,66,2022
81082,,35.95315,0.0874,2,2013
62710,,38.19593,15.56888,4,1978
59813,foul ground,43.55802,10.20463,12,2001
60012,foul ground,43.19695,10.47925,20,2001
79148,,44.10427,9.84972,10,2012
79712,foul area,44.02908,9.81975,28,2010
63158,,29.94572,48.57828,4,2002
63148,,30.01618,48.4452,2,2002
63153,,29.95987,48.51475,6,2002
103174,,29.9524,48.53487,3,2023
103184,,29.9665,48.5101,2,2023
63152,,29.96573,48.50513,5,2002
103187,,30.10515,48.39413,5,2023
63151,,29.98148,48.47898,4,2002
103188,,30.33643,48.26737,5,2023
63172,,30.31383,48.29797,0,2000
103205,,30.4263,48.14147,3,2023
43525,,30.33183,48.19258,7,1993
43524,,30.3142,48.29665,0,1993
103255,,30.43193,48.1576,5,2023
103258,,30.42832,48.16097,11,2023
43325,,30.4292,48.15997,8,1936
98161,foul area,22.48948,114.47257,17,2021
43531,,30.4684,47.9437,12,1993
103271,,30.46632,47.99988,3,2023
43532,,30.46883,47.94388,5,1993
103288,,30.46883,47.9442,10,2023
103290,,30.4699,47.9256,2,2023
43552,,30.4711,47.91387,12,1995
103294,,30.57403,47.77785,0,2023
43534,,30.56465,47.78743,7,1993
103300,,30.55212,47.81108,2,2023
103323,,30.51243,47.84895,3,2023
67791,,30.5263,47.84033,10,2006
63171,,30.32182,48.28433,2,2000
63168,,30.33242,48.27373,5,2000
63167,,30.33628,48.26818,7,2000
60058,foul ground,23.64898,58.51858,15,1996
63395,,30.43777,48.10605,2,2002
63399,,30.42968,48.14545,1,2002
63394,,30.44083,48.10797,1,2002
63389,,30.42397,48.15282,3,2002
63398,,30.43433,48.13473,0,2002
63396,,30.43933,48.11373,0,2002
63393,,30.44358,48.09852,2,2002
63401,,30.42808,48.13143,4,2002
60059,foul ground,23.64107,58.5313,14,1996
63397,,30.43693,48.12298,0,2002
63390,,30.42137,48.15788,4,2002
43526,,30.38675,48.1843,5,1993
63400,,30.42555,48.1472,4,2002
46715,,22.28545,114.0811,11,1995
103636,foul ground,65.30333,7.52,350,2023
99816,foul ground,63.77667,6.92,220,2022
98250,foul ground,63.885,6.76833,230,2021
103637,foul ground,64.41,7.52,280,2023
67099,foul ground,40.65838,17.96242,2,2004
73429,,40.6615,17.97923,12,2008
13622,foul ground,51.11395,1.32918,9,1926
13615,foul area,51.11233,1.32802,11,1926
86116,,-8.78117,13.27402,12,2016
85642,,-8.77528,13.26762,26,2016
86115,,-8.78127,13.27405,12,2016
101746,,56.07208,-4.83733,3,20230509
103599,,-8.78077,13.24667,10,2022
99284,,54.25397,19.38337,1,2022
103619,foul ground,53.32005,-4.64382,,202207
39750,,31.25413,32.40192,6,1979
58403,foul ground,22.30602,114.09753,30,2000
46761,,22.31425,114.14263,3,1996
99505,foul area,21.24282,109.53782,10,2021
46733,foul ground,20.9235,110.71457,15,1979
104072,foul ground,65.78883,7.50983,380,2024
63173,,30.31335,48.29847,0,2000
63176,,30.31143,48.29875,0,2000
63175,,30.31182,48.29917,0,2000
63174,,30.31248,48.29845,0,2000
63385,,30.38883,48.18107,2,2000
104121,,36.89,27.30405,4,2024
102720,foul ground,59.86117,2.587,120,2023
94278,,50.15453,-5.05587,,
104124,,36.89857,27.28988,8,2024
102740,foul ground,59.33983,2.47067,127,2023
40165,foul ground,41.03348,28.99795,30,1971
102585,,39.34462,22.9437,2,2023
100685,,23.55443,119.9911,30,2022
103671,foul ground,54.68178,17.04758,5,2024
102501,,39.3613,22.94048,3,2023
102500,,39.36148,22.94033,4,2023
102502,,39.36148,22.9409,3,2023
102542,,39.35048,22.99235,5,2023
102541,,39.35087,22.98977,5,2023
102539,,39.35088,22.9893,5,2023
102585,,39.34495,22.94362,2,2023
39090,,39.35058,22.94448,12,1946
102540,,39.35073,22.98953,5,2023
102538,,39.34908,22.98655,20,2023
103037,foul ground,59.62833,2.43833,113,2023
95285,,68.9946,33.05107,5,2018
64853,,59.77088,10.50433,4,2004
91454,snag/stump,54.94027,12.50872,10,2019
89239,snag/stump,54.94598,12.47873,10,2018
89240,snag/stump,54.94372,12.49048,10,2018
91453,snag/stump,54.94233,12.49813,10,2019
91451,snag/stump,54.95222,12.43675,10,2019
91450,snag/stump,54.95263,12.42325,10,2019
91452,snag/stump,54.95222,12.44855,10,2019
91455,snag/stump,54.95005,12.55052,5,2019
90012,,54.685,18.63467,5,2018
90011,foul area,54.63318,18.75765,5,2018
88180,foul area,54.5261,18.56307,8,2017
104317,foul ground,51.48728,0.17603,1,2024
33336,,57.42922,21.50927,9,1956
87709,,57.4382,21.497,11,2017
33335,,57.42667,21.4853,14,1946
104332,,13.016,100.88518,5,2020
104334,,13.00832,100.88237,6,2020
48548,,-17.75513,168.297,34,1962
104122,,36.89155,27.30332,6,2024
104393,,37.73712,-25.66307,11,2024
93279,,-45.94917,-59.77217,500,2020
104433,,8.31347,-62.81542,20,2024
27128,,43.38385,-8.38073,26,1976
73128,,26.15447,50.72113,11,2009
88321,,41.94675,15.45792,17,2017
87956,,41.94017,15.68313,12,2017
87955,,41.94555,15.54717,10,2017
87954,,41.92835,15.54212,10,2017
87958,,41.95463,15.7399,13,2017
87957,,41.92668,15.70167,5,2017
97734,,41.94275,15.6964,13,2021
76438,,40.77095,14.35908,35,2010
71411,,40.3667,14.94953,40,2008
70359,,40.19897,14.97035,50,2007
70164,foul ground,41.96142,15.8731,16,2007
97741,foul ground,1.82878,9.72453,20,2019
97783,,1.82443,9.73853,14,2019
20131,,50.76018,-0.72758,2,1947
97505,,50.44988,-3.49318,,2021
97504,,50.4485,-3.49417,,2020
74526,,54.71507,-3.50208,-2,2009
65751,,69.05017,33.03893,16,2005
65750,,69.05117,33.0391,19,2005
75107,foul ground,41.304,2.19335,81,2010
104312,foul ground,61.74917,2.97383,405,2024
89719,,14.59648,-61.05068,1,2018
74886,,14.59593,-61.05142,3,2009
68787,,37.65918,12.53967,1,2006
104817,foul ground,65.664,7.55483,385,2024
43803,,29.34038,50.35905,10,1990
43866,,29.2265,50.29772,20,1985
104661,,29.34058,50.35953,10,1990
81592,,44.42317,8.79733,6,2014
43866,,29.22555,50.2984,15,1993
105030,,18.3287,-64.96027,4,2024
105030,,18.32887,-64.96047,4,2024
105030,,18.32873,-64.96092,4,2024
104653,,18.33168,-64.96063,2,2024
52981,,18.32258,-64.95368,2,1986
96010,,18.32607,-64.94997,1,2020
52980,,18.3235,-64.9521,3,1976
52985,,18.32187,-64.95523,2,1982
52958,,18.33105,-64.9607,3,1943
95960,,18.33228,-64.96112,1,2020
52892,,18.32698,-64.95023,5,1983
105030,,18.32947,-64.96053,4,2024
95959,,18.33082,-64.96387,1,2020
90960,foul area,54.53753,18.56253,9,2019
104652,,18.32127,-64.95703,5,2024
102646,foul ground,54.53367,18.59392,11,2023
19320,foul ground,50.89655,-1.40972,1,1954
92342,foul ground,50.78515,-0.92523,-2,2019
63125,foul ground,53.70658,-0.81225,2,2003
17899,,50.35117,-4.12585,5,1984
12928,,51.49878,0.18227,-2,1973
67347,foul ground,51.48408,-0.01428,9,2004
14815,foul ground,51.39388,1.38053,2,1981
65109,foul ground,51.3852,0.51637,6,1996
13358,foul ground,51.38965,0.51142,5,1996
13359,foul ground,51.38808,0.51458,1,1996
13366,foul ground,51.42592,0.71378,8,1953
12872,foul ground,51.48508,0.45205,4,1970
65107,foul ground,51.38727,0.51278,5,1996
65106,foul ground,51.38857,0.51205,5,1996
65108,foul ground,51.3861,0.51403,5,1996
67061,foul ground,51.38498,0.51858,6,2005
63286,foul ground,51.50308,-2.71157,-5,2003
56994,foul ground,56.00478,-3.47632,3,1998
4209,foul ground,55.99673,-3.01328,10,1983
57612,,51.72093,-4.37848,-4,1999
57611,,51.73268,-4.4514,-4,1999
2868,foul ground,56.01038,-3.29427,15,1975
79246,foul area,51.85692,-8.19525,-1,2012
79245,foul area,51.84958,-8.20233,1,2012
5194,foul ground,54.97118,-5.02408,2,1973
59958,foul ground,54.75153,-4.83055,11,2001
74525,,54.71635,-3.50348,-2,2009
65564,foul ground,52.19367,-6.94037,5,2005
19614,,50.77733,-1.15042,1,1990
81903,,50.75517,-1.15453,19,2014
15012,,51.87887,1.28823,-1,1991
12742,,51.42317,0.68138,-2,1964
12750,,51.43413,0.70642,-4,1972
12720,,51.41073,0.72907,-3,1979
13133,,51.55868,0.84682,-1,1983
13304,,51.43932,0.71967,-3,1989
13140,,51.41763,0.73803,-3,1984
19334,,50.91547,-1.3775,-3,1972
60166,,50.75373,0.3351,19,2001
81984,,50.75042,-1.5158,-3,2014
87759,,52.38013,1.7181,4,2016
87758,,52.36113,1.704,3,2016
87760,,52.38415,1.72058,3,2016
87761,,52.38742,1.72435,3,2016
84958,,50.81893,-0.15188,2,2015
85552,foul ground,51.45432,0.27545,0,2016
89343,foul ground,51.45105,0.35532,-1,2018
89338,foul ground,51.451,0.35902,-1,2018
89337,foul ground,51.47708,0.22558,-3,2018
87747,foul area,53.60453,0.1468,0,20170117
90219,foul ground,52.95867,0.31942,11,2018
93051,foul ground,51.44558,0.36822,0,2019
91725,foul ground,52.99102,1.5727,20,2019
89336,foul ground,51.45667,0.33543,0,2018
89339,foul ground,51.45068,0.35935,2,2018
15075,,51.81602,1.59223,15,1993
57502,foul ground,55.00275,-1.39772,8,1998
93200,foul ground,55.77735,-4.89588,20,2020
7159,foul ground,53.19725,-4.21075,10,1953
10045,foul ground,52.01048,-4.98167,8,1978
2869,foul ground,56.01527,-3.31707,20,1977
2857,foul ground,56.04285,-3.28455,30,1975
2820,foul ground,56.03522,-3.30422,30,1975
3104,foul ground,56.45848,-2.89092,10,1977
79827,,59.00358,-2.88253,23,2010
57636,foul ground,55.9597,-4.84148,38,1959
84838,,57.42833,11.2433,9,2016
85619,,56.64818,11.35082,14,2016
85618,,56.63625,11.31673,18,2016
85616,,56.6245,11.27633,18,2016
2045,foul ground,57.68325,-4.10537,8,1976
92380,foul ground,50.79607,-0.93565,-2,2019
59283,,45.53758,-1.0237,9,2001
26978,,45.22318,-0.73137,3,1982
29659,foul area,53.60217,9.57568,5,1984
94422,foul ground,22.616,69.43502,37,2020
75550,,47.791,-4.30572,8,2008
75549,,47.79323,-4.3031,6,2008
44538,foul ground,8.7808,78.22817,8,1986
81687,,43.55333,10.28618,5,2014
84656,,45.77807,13.58658,2,2016
20195,,50.81078,-0.10975,2,1983
37421,,37.28318,13.54195,5,1970
84504,foul area,42.81203,10.32535,7,2015
86329,,34.48265,35.82562,22,2016
86328,,34.48097,35.8259,16,2016
86341,,34.4733,35.83287,8,2016
86327,,34.47627,35.8304,12,2016
86331,,34.48127,35.82075,17,2016
86345,,34.488,35.81258,34,2016
86346,,34.48982,35.80565,35,2016
85162,,33.57038,35.36995,7,2016
86332,,34.48062,35.83083,13,2016
85165,foul area,33.55772,35.36503,6,2016
86326,,34.47838,35.81975,13,2016
86330,,34.48315,35.81868,24,2016
85163,,33.57688,35.37033,10,2016
90896,,3.97752,103.43413,10,2018
83682,,39.63117,19.89625,2,2015
83683,,39.63147,19.90085,2,2015
86830,foul ground,39.63025,19.907,11,2016
86826,,39.6283,19.90467,5,2016
86831,foul ground,39.6302,19.908,11,2016
94873,foul ground,39.63017,19.90847,11,2020
86833,foul ground,39.62775,19.9149,3,2016
86825,,39.62775,19.90367,4,2016
86827,,39.62723,19.9065,8,2016
86828,foul ground,39.62638,19.9075,6,2016
86829,foul ground,39.6264,19.90825,6,2016
86832,foul ground,39.62642,19.91177,6,2016
4022,foul ground,55.83825,-5.15368,30,1986
90711,,53.995,11.44343,1,2018
80915,,37.61245,12.6067,16,2013
88882,foul ground,54.37447,10.16053,5,2018
88881,foul ground,54.3423,10.17378,3,2018
60329,foul ground,37.48383,13.06932,23,1998
90119,,45.22145,12.31463,5,2018
90124,,45.22745,12.2717,0,2018
68915,,41.06372,17.12842,18,2006
72722,,41.52435,15.96277,10,2008
95406,foul ground,53.96502,8.38788,0,2017
1968,,57.26593,-5.68752,14,1940
95455,,68.99675,33.05383,10,2018
95501,foul ground,34.48252,35.83937,29,2012
95505,,54.05938,8.6548,0,2016
95514,,43.11645,5.91168,9,2016
95553,,60.71163,28.72653,4,2020
95563,foul area,49.48085,0.09477,0,2017
95567,,50.27918,1.52868,0,2016
67809,foul ground,57.28142,-5.65183,35,2006
95601,,43.11383,5.89318,3,2016
95633,,43.1186,5.9212,11,2016
95618,,43.11585,5.91493,8,2016
95625,,43.11702,5.91142,9,2016
95622,,49.49278,0.07375,5,2017
95608,foul ground,8.78083,78.23478,10,2016
95621,,43.0606,6.00875,78,2016
95623,,43.11592,5.91262,8,2016
95611,,43.12012,5.9135,8,2016
95630,foul area,43.11213,5.93027,5,2016
95634,foul area,43.09988,5.91342,12,2016
95602,,43.11098,5.8998,10,2016
95613,,43.11953,5.91162,9,2016
95651,,43.0842,5.91032,10,2016
95692,,45.52075,-0.99192,11,2017
95652,foul ground,43.12185,5.9141,7,2016
95645,foul ground,54.31598,13.9966,20,2017
95740,,40.83442,14.26583,12,2019
95741,,40.83472,14.26287,10,2019
95704,,69.00177,33.05523,7,2018
95706,,68.99732,33.05238,7,2018
95739,,40.8348,14.26215,8,2019
95761,,68.93535,33.00892,0,2018
95743,,40.83495,14.26232,13,2019
95770,,68.93675,33.02887,5,2018
95745,,40.83478,14.26313,10,2019
95742,,40.83427,14.26628,8,2019
95771,foul area,68.9324,33.01255,6,2018
95758,,40.8342,14.26642,10,2019
95776,,40.83423,14.26682,17,2019
95744,,40.83445,14.26555,18,2019
95839,foul ground,39.6312,19.92678,28,2019
95812,,37.73725,24.0644,4,2018
95837,foul ground,39.63455,19.92748,28,2019
21194,,50.99035,1.83107,16,1951
96013,foul area,18.33433,-64.93465,5,2020
15339,,51.06667,2.10667,7,1970
96046,foul ground,39.6277,19.91688,5,2020
96050,foul ground,39.6276,19.91745,5,2020
96058,foul ground,39.62785,19.91593,5,2020
96059,foul ground,39.6278,19.91632,5,2020
96047,foul ground,39.62772,19.9172,5,2020
96048,foul ground,39.62788,19.91738,9,2020
96089,snag/stump,53.90215,11.43943,1,2020
96060,foul ground,39.62782,19.9167,7,2020
96103,,54.40873,10.19623,5,2020
96057,foul ground,39.62772,19.91525,3,2020
96115,foul ground,37.28385,13.5445,4,2020
43683,foul ground,26.31985,50.9301,7,1974
92589,,54.36873,-5.54615,24,2019
69744,foul ground,43.5476,7.06882,39,2004
92308,,69.06357,33.25997,-2,2019
73247,foul area,40.22477,17.88762,30,2009
38380,foul area,40.46783,17.09817,20,1997
38381,foul area,40.437,17.15585,20,1997
36227,foul ground,40.85412,8.59965,10,1982
69456,,42.36542,11.299,40,2007
81993,,42.48317,11.17442,10,2014
90208,,39.9273,16.62497,11,2018
69455,,42.79917,10.76708,30,2007
69453,,42.59083,11.025,30,2007
68700,,39.6225,16.69927,10,2006
81526,,42.90767,10.75917,7,2014
72563,foul ground,39.89365,18.0692,40,2008
58271,foul ground,54.83167,9.78883,25,1998
96434,,59.91873,30.2531,10,2020
96435,,59.91893,30.25253,10,2020
96438,,59.87273,30.2193,2,2020
96881,foul ground,55.97825,11.85338,3,2021
95443,,45.59933,13.71353,12,2016
96882,,45.71928,13.69618,10,2021
83379,,38.25292,15.42867,9,2015
96670,,45.74633,13.65702,8,2020
96671,,45.73335,13.6773,8,2020
76772,,41.41945,12.59583,35,2010
96834,,10.83688,103.38035,8,2016
96833,,10.54053,103.4657,17,2016
96682,,0.9686,104.13703,12,2021
89319,,37.43173,24.94742,3,2018
89316,foul ground,37.43042,24.9417,4,2018
89302,foul ground,37.44302,24.94435,4,2018
89292,foul ground,37.43577,24.93842,8,2018
89301,foul ground,37.4406,24.94122,5,2018
89314,foul ground,37.43095,24.94127,2,2018
79189,,44.33558,-1.42312,45,2012
79191,,44.2746,-1.77183,117,2012
97289,,43.51485,-1.49018,0,2021
97313,,-33.32985,-60.20893,0,2021
89234,,21.59317,91.82375,10,2018
89628,foul area,53.7013,6.34873,22,2018
79190,,44.45142,-1.7038,106,2012
85931,,23.6299,58.57447,20,2016
91036,foul ground,5.50512,100.29573,7,2019
91038,foul ground,5.41323,100.14702,15,2019
91035,foul ground,5.53645,100.1512,15,2019
87925,,37.53968,25.15353,5,2017
87615,foul ground,37.53858,25.15685,7,2017
87613,foul ground,37.53622,25.16037,6,2017
87612,foul ground,37.53575,25.16308,1,2017
87611,foul ground,37.53525,25.163,1,2017
87608,foul ground,37.53528,25.15725,13,2017
87614,foul ground,37.53862,25.15635,7,2017
87607,foul ground,37.53542,25.15673,13,2017
87609,foul ground,37.53523,25.15678,0,2017
87924,,37.53328,25.15472,40,2017
81367,,-38.79938,-62.2536,2,2013
91901,,-38.7855,-62.2996,5,2019
82411,foul ground,48.63458,-6.05992,115,2015
93246,,37.23273,15.19447,12,2020
93244,,37.23547,15.19323,5,2020
37042,,45.64203,13.10485,5,1951
35441,,36.71372,-4.41662,11,1960
98017,,45.01293,12.49532,10,2021
35493,foul ground,36.70107,-4.42538,10,1995
90120,,45.06987,12.46133,20,2018
73613,,44.8931,12.52528,10,2009
70785,,45.37623,12.35013,3,2007
90051,,45.44265,12.58167,13,2018
98065,,45.54118,12.76243,2,2021
90050,,45.44593,12.58608,13,2018
35286,foul ground,36.13007,-5.3647,30,1992
35280,foul ground,36.12705,-5.37223,63,1992
35285,foul ground,36.12447,-5.36117,40,1992
90049,,45.45463,12.58113,12,2018
35279,foul ground,36.12023,-5.36698,60,1992
98231,,11.05368,114.27955,0,2019
60274,,4.02838,9.6697,1,2001
59819,,4.0301,9.66823,1,2001
98254,,4.05955,9.69643,1,2021
59818,,4.03057,9.6682,1,2001
94587,,51.59585,0.81398,0,2020
73212,,62.39998,5.524,30,2008
74822,,44.02,12.71978,11,2008
74825,,44.06022,12.69025,11,2008
98311,,57.33467,23.13192,2,2021
77421,,40.47515,17.26845,8,2010
99488,foul area,58.24317,22.47105,2,2022
99536,foul ground,48.61142,-5.9645,117,2022
96436,,59.87453,30.2128,2,2020
81578,,49.40208,-0.825,18,2014
23886,,49.35497,-0.63783,9,1955
96093,,58.38962,24.49407,1,2020
82793,,58.3701,24.46545,4,2015
96094,,58.3894,24.49242,1,2020
99487,foul area,58.24353,22.47098,2,2022
99491,foul area,58.24225,22.47295,2,2022
99499,foul area,58.2213,22.46902,2,2022
99495,foul area,58.23975,22.47087,2,2022
99494,foul area,58.2407,22.4709,2,2022
99490,foul area,58.24267,22.47192,2,2022
99550,foul area,58.24282,22.47207,2,2022
99498,foul area,58.22137,22.47007,2,2022
99492,foul area,58.2419,22.47182,2,2022
99493,foul area,58.24107,22.4709,2,2022
99496,foul area,58.23025,22.4704,2,2022
99497,foul area,58.22973,22.46932,2,2022
96437,,59.87542,30.21277,2,2020
63100,foul ground,41.3109,19.45812,8,2003
35889,foul ground,44.32843,9.25052,30,1981
86899,,6.45058,3.38718,3,2016
56623,,-15.91832,-5.72368,42,1941
38773,,40.63262,22.92438,8,1971
87297,foul ground,40.63127,22.93082,8,2016
87302,foul ground,40.63257,22.9298,6,2016
87303,foul ground,40.63243,22.92888,5,2016
95277,foul ground,40.63248,22.92772,7,2016
38768,,40.63202,22.92438,7,1988
38774,foul ground,40.62508,22.91928,13,1921
91310,,40.63212,22.92418,5,2018
86152,,40.62593,22.91813,10,2016
91307,foul ground,40.57955,22.9323,5,2018
86028,,40.58763,22.93958,5,2016
70580,,40.61978,22.91187,17,2007
100848,foul ground,40.43617,22.86172,2,2022
99650,,60.41835,5.01188,30,2019
30678,foul ground,54.69167,11.0175,15,1991
19136,,50.74147,-1.44297,15,1974
78475,,38.01057,12.4968,7,2011
58524,diffuser,57.12767,-2.02333,28,1983
84349,foul ground,52.47332,1.75987,3,2015
82201,foul area,52.47298,1.76063,5,2015
84355,foul ground,52.47123,1.78322,10,2015
96177,foul ground,65.52232,7.48767,425,2020
99529,foul ground,65.55087,7.05577,445,2022
87414,,50.80928,-1.09688,5,2017
101555,foul ground,61.28483,3.66433,370,2023
101590,,5.8585,102.65425,14,2023
101586,,5.97102,102.57557,24,2023
101589,,5.88268,102.60562,12,2023
19516,,50.80938,-1.09547,8,1984
101604,foul ground,56.49993,-2.6682,9,2022
101219,foul ground,56.31137,-2.64225,7,2022
99280,,39.19297,8.39392,10,2022
101220,foul ground,56.31452,-2.64683,7,2022
101604,foul ground,56.4997,-2.66853,9,2022
101605,foul ground,56.50005,-2.6849,5,2022
85592,,56.6132,12.06548,25,2016
75537,foul ground,57.2042,11.7442,22,2010
75399,foul ground,57.13213,11.72088,20,2010
75398,foul ground,56.95458,11.90525,20,2010
102437,foul ground,40.4724,17.25833,8,2023
102356,foul ground,56.38133,4.23617,65,2023
39098,foul ground,39.34928,22.98753,25,1982
68410,foul ground,42.94132,10.4917,35,2006
71095,,42.75868,10.3905,2,2008
40804,,32.64275,-16.89917,0,1964
102567,foul ground,38.984,8.46683,22,2023
102610,,22.31303,114.1977,5,2023
102620,foul ground,59.58567,2.087,117,2023
101215,foul ground,58.83617,1.657,112,2023
55664,,70.64058,23.48892,227,1983
46154,,3.96278,103.45467,10,1996
97272,,1.331,104.405,5,2021
81923,,1.21487,103.83675,6,2014
45868,,1.2986,103.69007,8,1988
45507,,1.23643,103.65248,16,1942
74993,foul ground,1.47493,103.8099,8,2009
82385,,1.4019,103.97542,3,2016
72841,,32.92107,35.07293,1,2008
102908,foul ground,24.64927,54.47897,5,2023
103424,foul area,40.6461,18.02588,5,2023
103425,foul area,40.58088,18.07493,18,2023
76436,,40.66002,17.97417,10,2010
67096,foul ground,40.65558,17.96102,2,2004
43556,,30.5425,47.8259,6,1995
62647,,30.51593,47.85157,0,1997
63387,,30.39428,48.17668,0,2002
63414,,30.51038,47.85265,10,2002
62646,,30.52787,47.84278,-1,1997
43533,,30.47287,47.90873,7,1993
103363,,30.50855,47.85673,0,2023
102379,foul ground,61.541,3.97617,325,2023
102364,foul ground,35.86763,14.74833,56,20230828
99794,,6.4625,3.37453,7,2022
38207,foul ground,40.66095,17.96378,9,1988
38209,foul ground,40.65802,17.96672,9,1988
38210,foul ground,40.65338,17.96722,5,1988
38206,foul ground,40.65277,17.95953,4,1988
38208,foul ground,40.66058,17.96648,6,1988
103362,foul ground,71.26,22.26017,345,2024
103426,,43.53762,16.45897,5,2024
103427,,43.53832,16.45918,2,2024
26186,,47.70012,-3.38565,0,1942
59481,,69.05007,33.03385,2,2001
68730,,69.0484,33.03593,2,2006
89539,,69.04887,33.0349,2,2018
36269,,43.11815,5.92172,12,1988
71538,,43.12173,5.92247,10,2008
36252,,43.12142,5.9188,6,1988
86687,,43.12193,5.92403,9,2016
36253,,43.12168,5.92182,9,1988
36271,,43.11723,5.91918,8,1988
103708,,-2.23343,104.95098,1,2022
84637,,43.11717,5.9197,10,2016
43552,,30.47062,47.91368,17,2011
43551,,30.4711,47.90945,10,1995
87552,,30.5548,47.80767,12,2011
87555,,30.55683,47.80203,13,2011
87767,,30.48197,47.88812,11,2011
87558,,30.56753,47.78253,3,2011
87568,,30.57857,47.77618,11,2011
103802,,30.52345,47.84208,11,2011
87559,,30.5685,47.78153,7,2011
103803,,30.57017,47.78137,8,2011
103801,,30.52222,47.84307,9,2011
87564,,30.57378,47.77717,7,2011
103800,,30.50803,47.85302,11,2011
87567,,30.57815,47.77685,14,2011
87556,,30.55755,47.80005,5,2011
87557,,30.5622,47.79137,8,2011
63426,,30.57577,47.78035,9,2002
87795,,30.43398,48.1514,14,2011
103805,,30.57525,47.78098,15,2011
103807,,30.57552,47.779,8,2011
103804,,30.5739,47.78207,10,2011
87796,,30.46167,48.01615,7,2011
103861,,30.56238,47.79055,7,2011
85626,,56.1031,15.59178,3,2016
85612,,56.1052,15.4877,3,2016
85620,,56.10877,15.57065,6,2016
85625,,56.10785,15.58285,3,2016
85611,,56.10582,15.48425,3,2016
85615,,56.10235,15.51527,3,2016
85614,,56.1018,15.50853,3,2016
87532,,30.4878,47.87608,15,2011
43553,,30.46857,47.9391,11,1995
103769,,30.52265,47.8429,11,2011
43533,,30.47255,47.90818,10,1993
103768,,30.52265,47.84382,12,2011
103766,,30.52253,47.84365,11,2011
43553,,30.46783,47.93943,11,1995
87561,,30.57032,47.78002,6,2011
96068,,40.83525,25.89422,2,2020
96085,,40.83597,25.91747,6,2020
103877,snag/stump,56.03058,21.06398,4,2024
103940,,-19.79592,-174.35293,4,2021
103952,,-9.11608,160.16395,31,2021
103476,foul ground,61.43533,4.132,300,2024
104002,,59.40525,18.41417,3,2024
104000,,59.41735,18.3381,3,2024
103998,,59.42108,18.29228,3,2024
104004,,59.40853,18.40987,3,2024
103999,,59.41295,18.31965,3,2024
104001,,59.4182,18.34695,3,2024
104003,,59.40383,18.41312,3,2024
88836,,26.15642,50.72092,11,2017
104473,,26.21907,50.70117,5,2024
91591,foul ground,26.2297,50.68852,3,2019
104564,foul area,-32.77315,-60.714,10,2024
76591,foul area,-32.97543,-60.61773,5,2009
104565,foul area,-32.77445,-60.7173,17,2024
104123,,36.8936,27.29978,6,2024
104657,foul area,43.30337,6.62838,2,2024
79511,,-6.85513,39.3022,5,2012
79513,,-6.8567,39.3012,5,2012
80714,,-6.84907,39.3024,6,2013
79512,,-6.85537,39.3015,5,2012
96747,,37.9247,23.59372,75,2021
39002,,37.93548,23.57107,5,1990
104697,,37.95575,23.54943,1,2024
98061,,37.93913,23.6079,44,2021
39002,,37.93545,23.57048,5,1990
38815,,37.93458,23.59625,52,1983
103327,,37.95525,23.57995,27,2023
96749,,37.92112,23.59517,80,2021
38937,,37.92257,23.60507,75,1988
98858,,37.9375,23.62098,24,2021
91487,,37.98133,23.53982,4,2019
38869,,37.93735,23.58875,36,1980
96745,,37.9306,23.60327,60,2021
59259,,37.95233,23.58923,29,2000
38859,,37.94743,23.56888,22,1982
104697,,37.95553,23.54935,1,2024
103328,,37.95835,23.57907,19,2023
38896,,37.95298,23.57295,33,1981
98060,,37.93917,23.59697,45,2021
38903,,37.95212,23.58275,31,1988
91463,,37.94722,23.57178,20,2019
38870,,37.94385,23.58522,27,1978
96837,,37.93613,23.58498,16,2021
96839,,37.93643,23.58648,15,2021
104695,,37.94773,23.56617,19,2024
98853,,37.94118,23.6266,15,2021
39231,,37.937,23.5716,28,1996
104696,,37.95773,23.5665,25,2024
104694,,37.95745,23.56228,0,2024
98855,,37.93792,23.62232,24,2021
38921,,37.9474,23.6053,37,1968
70594,,37.97525,23.55395,1,2007
91863,,37.954,23.57248,31,2019
61584,,37.94983,23.59885,35,2002
102055,,37.94985,23.60323,33,2023
74510,,37.94738,23.54697,4,2009
103339,,37.94715,23.57372,16,2023
103340,,37.94722,23.5742,16,2023
104764,,37.94828,23.56568,22,2024
104765,,37.96018,23.56528,6,2024
104767,,37.94722,23.55475,2,2024
104766,,37.96125,23.56793,1,2024
104763,,37.95987,23.57305,12,2024
97991,,14.59167,120.95208,2,2021
104678,,14.59092,120.95068,2,2024
84254,,58.5599,16.81532,2,2016
43114,,29.93488,32.5001,6,1986
43093,,29.94065,32.50413,3,1980
43095,,29.93978,32.498,3,1979
43097,,29.9319,32.5041,4,1941
43091,,29.94208,32.5057,3,1980
95769,,29.9414,32.50455,3,2018
43096,,29.93268,32.50098,5,1978
43092,,29.94113,32.50145,4,1980
43089,,29.94442,32.49735,1,1980
13169,,51.49548,0.73988,11,1985
911,foul area,58.44033,-3.06653,15,1942
34499,,62.39215,17.38855,21,1989
97494,,-8.71795,119.76478,30,2021
39391,,31.14608,29.8297,5,1943
82946,,31.17425,29.85157,10,2015
105099,foul ground,57.88683,2.23067,79,2024
105101,foul ground,66.45317,10.19133,200,2024
105100,foul ground,61.07433,3.28333,360,2024
40136,,40.93412,28.99157,43,1982
62015,,40.96723,28.94483,52,2002
40183,,40.47255,26.77263,20,1920
91874,,40.38307,26.70927,7,2019
40159,,40.37945,26.7069,10,1987
40115,,40.04498,26.27642,65,1915
40154,,40.1326,26.36548,40,1968
40150,,40.06402,26.34948,17,1948
40148,,40.05772,26.34223,30,1948
40113,,40.04035,26.29592,55,1915
40146,,40.00952,26.27128,22,1981
40149,,40.06132,26.34722,30,1948
40153,,40.121,26.39887,10,1971
40147,,40.05032,26.33912,35,1948
40144,,40.16173,26.40142,38,1977
40209,,40.15522,26.40542,3,1961
40116,,40.07432,26.34027,57,1948
40155,,40.1341,26.38708,60,1981
40151,,40.09212,26.31133,25,1948
40208,,40.19748,26.38392,80,1953
40152,,40.11807,26.38742,32,1920
79714,,40.18742,26.40063,18,2010
104778,,39.9235,26.06932,10,2024
40145,,40.01007,26.2214,25,1949
62460,,40.04775,26.12142,74,2003
39566,,39.92363,26.08015,13,1946
84222,,40.1981,26.22703,63,2016
70293,,40.20212,26.19178,85,2007
40112,,40.0375,26.20547,63,1915
40156,,40.21202,26.49205,15,1920
102483,foul ground,59.27033,2.3135,124,2023
104649,foul ground,56.98167,2.95833,68,2024
104071,foul ground,57.95833,1.92817,90,2024
102742,foul ground,59.06117,2.587,126,2023
104818,foul ground,59.23983,1.88083,120,2024
101554,foul ground,59.2885,2.08933,120,2023
104073,foul ground,56.699,3.11633,68,2024
101042,foul ground,58.85283,2.13583,107,2022
102012,foul ground,59.05567,2.24383,112,2023
100829,foul ground,59.02298,2.079,112,2022
33659,foul ground,58.92032,5.76737,200,1991
58385,,43.47258,-4.7215,80,2000
55010,,65.27172,-13.99543,42,1944
101538,foul ground,59.88967,2.3845,100,2023
27742,,51.35513,3.28557,3,1992
99640,,39.1856,9.14198,2,2022
99641,,39.18467,9.14318,2,2022
88140,,59.46403,24.71918,1,2017
91635,,59.448,24.74935,1,2019
88048,foul area,59.4552,24.73552,8,2017
88046,foul area,59.4556,24.73042,5,2017
88044,,59.45267,24.72685,2,2017
88045,foul area,59.45612,24.73088,3,2017
86127,,57.68967,11.82655,4,2016
86125,,57.68902,11.82843,4,2016
86123,,57.66703,11.82338,1,2016
86124,,57.67487,11.82442,5,2016
86368,,57.67727,11.82525,3,2016
86129,,57.67728,11.85122,3,2016
86128,,57.68673,11.83603,3,2016
86320,,57.68747,11.8908,2,2016
86122,,57.6646,11.825,5,2016
35681,,42.50815,3.13897,20,1998
95889,,59.45237,24.66738,4,2020
98740,,32.07543,23.9716,4,2014
98748,,32.06013,23.99263,3,2014
98749,,32.06278,23.98935,4,2014
98735,,32.07713,23.9728,3,2014
98737,,32.0765,23.97287,3,2014
98732,,32.07603,23.96958,4,2014
98736,,32.07678,23.97243,3,2014
98738,,32.0756,23.97147,4,2014
98741,,32.0742,23.97042,4,2014
98739,,32.0755,23.97178,4,2014
98751,foul area,32.06573,23.99917,18,2014
98754,,32.06775,23.97377,4,2014
98782,foul area,32.07227,23.98532,12,2014
98780,foul area,32.07175,23.98483,12,2014
98787,foul area,32.0732,23.9898,6,2014
98785,foul area,32.07375,23.98862,5,2014
98784,foul area,32.07457,23.98865,5,2014
98786,foul area,32.07375,23.99073,5,2014
98781,foul area,32.0712,23.98508,12,2014
98789,foul area,32.07198,23.99163,7,2014
98790,foul area,32.07373,23.99335,5,2014
98791,foul area,32.07213,23.99488,6,2014
98788,foul area,32.07248,23.99063,8,2014
98792,foul area,32.07175,23.9959,8,2014
44522,foul ground,8.77625,78.225,10,1977
91846,,76.42935,64.57913,7,2019
91848,,76.26748,63.23558,4,2019
88003,foul ground,-42.75062,-65.00738,25,2017
51521,,-44.80502,-65.68302,20,1976
69454,,36.39523,25.43087,100,2007
93601,,39.11983,26.55182,7,2019
39193,foul ground,36.71588,24.45725,12,1975
90627,foul ground,41.32883,16.2839,2,2018
39191,foul ground,36.73827,24.40522,90,1975
89081,,42.04238,14.91722,11,2018
39192,foul ground,36.72185,24.44152,14,1975
37362,,40.82063,14.0732,2,1997
77734,,40.8173,14.09402,50,2011
64263,foul ground,43.70698,13.3343,13,2004
74446,,43.74412,13.20045,8,2009
81294,,39.94875,15.72505,30,2014
69077,,39.98377,15.39922,60,2006
71180,,39.99487,15.43815,75,2008
71491,,40.07422,15.24317,30,2008
71502,,40.13197,15.15853,30,2008
83246,foul area,38.40925,15.86492,50,2015
83406,foul area,40.4586,14.95813,2,2015
70203,,40.05317,15.56162,40,2007
78208,,38.2146,15.31578,10,2011
95186,,37.8388,15.27662,1,2020
39517,foul ground,37.24483,27.09248,80,1983
92301,,69.0554,33.19773,11,2019
87135,,29.54053,34.97877,3,2016
91583,,4.77345,6.96397,3,2019
91302,foul ground,-51.90615,-58.4452,12,2019
87261,foul area,13.16103,-61.24775,12,20160830
86969,,29.06448,48.1593,9,2017
91570,,4.78832,6.94177,-4,2019
91568,,4.78937,6.94153,0,2019
41372,foul ground,18.0363,-16.02932,9,1977
91571,,4.7886,6.94228,1,2019
91573,,4.78777,6.94298,6,2019
91567,,4.78957,6.94142,1,2019
93430,foul ground,50.43247,-3.47897,19,2020
91572,,4.78843,6.9425,2,2019
87471,foul ground,27.06083,50.2825,37,2017
89613,,58.72175,1.40012,102,2018
92290,,69.08088,33.19733,0,2019
88141,,59.47288,24.72503,1,2017
89839,foul ground,24.31348,54.45795,6,2012
89843,foul ground,24.30413,54.47637,6,2012
95283,,68.99442,33.0502,10,2018
95324,,68.9941,33.05053,7,2018
95292,,69.01295,33.05938,0,2018
95294,,69.0089,33.016,0,2018
95337,,68.99788,33.05242,8,2018
95346,,1.1046,103.40335,10,2019
95393,,69.00708,33.0119,0,2018
95397,,40.83428,14.26663,11,2019
91562,foul ground,57.73917,-3.53333,55,2019
1041,foul ground,58.85952,-3.07773,30,1977
1026,foul ground,58.85823,-3.09623,32,1977
1125,foul ground,58.85103,-3.09392,27,1988
1124,foul ground,58.85252,-3.08655,23,1988
1150,foul ground,58.8575,-3.08853,35,1981
93678,,8.5743,81.20335,1,2020
67491,foul ground,56.53437,-5.45205,17,2003
81863,,54.01493,-3.3042,12,2014
12624,,51.49497,-2.76622,-6,1989
91037,,5.42883,100.34603,15,2019
